Jour;Visites;Visiteurs uniques;Pages vues
01/01/2012;906;807;2184
02/01/2012;1655;1404;4234
03/01/2012;1728;1484;4574
04/01/2012;1604;1370;4123
05/01/2012;1885;1578;4663
06/01/2012;1428;1219;3827
07/01/2012;1245;1088;3517
08/01/2012;1403;1237;3979
09/01/2012;1640;1413;4566
10/01/2012;1556;1331;4244
11/01/2012;1515;1318;4262
12/01/2012;1398;1220;3828
13/01/2012;1310;1148;3501
14/01/2012;1153;1003;2853
15/01/2012;1474;1311;3989
16/01/2012;1695;1442;4689
17/01/2012;1569;1365;4190
18/01/2012;1555;1385;4283
19/01/2012;1613;1400;4402
20/01/2012;1566;1361;4279
21/01/2012;1420;1257;3915
22/01/2012;1517;1338;4377
23/01/2012;1717;1506;5069
24/01/2012;1657;1431;4678
25/01/2012;1669;1482;4802
26/01/2012;1672;1426;4872
27/01/2012;1617;1431;4321
28/01/2012;1347;1196;3496
29/01/2012;1532;1360;4200
30/01/2012;2067;1799;5600
31/01/2012;1706;1453;4501
01/02/2012;2025;1712;5772
02/02/2012;2021;1690;5734
03/02/2012;1673;1421;4594
04/02/2012;1709;1441;4600
05/02/2012;2272;1953;5134
06/02/2012;1946;1634;5657
07/02/2012;1789;1501;4792
08/02/2012;2018;1677;5557
09/02/2012;1847;1552;5516
10/02/2012;1702;1443;4759
11/02/2012;1413;1213;3797
12/02/2012;1791;1587;5087
13/02/2012;2156;1835;5894
14/02/2012;1753;1499;4898
15/02/2012;1990;1681;5632
16/02/2012;1855;1581;5117
17/02/2012;1904;1629;5341
18/02/2012;1593;1381;4632
19/02/2012;2131;1830;5801
20/02/2012;2260;1934;6838
21/02/2012;2000;1731;5887
22/02/2012;1999;1708;5999
23/02/2012;2059;1762;6206
24/02/2012;1987;1689;5546
25/02/2012;1704;1463;4733
26/02/2012;2095;1812;6215
27/02/2012;2202;1855;6362
28/02/2012;2088;1790;5823
29/02/2012;1947;1709;5430
01/03/2012;2085;1763;5818
02/03/2012;1995;1734;5658
03/03/2012;1713;1495;4689
04/03/2012;2069;1772;5880
05/03/2012;2339;2001;6212
06/03/2012;2143;1805;5901
07/03/2012;2359;1939;6881
08/03/2012;2076;1746;5826
09/03/2012;2107;1779;5635
10/03/2012;1816;1569;5246
11/03/2012;2083;1753;6033
12/03/2012;2331;1961;6181
13/03/2012;2245;1879;5986
14/03/2012;2119;1791;5596
15/03/2012;2105;1796;5785
16/03/2012;1904;1615;5287
17/03/2012;1796;1540;5089
18/03/2012;2070;1787;6129
19/03/2012;2230;1934;5892
20/03/2012;2075;1786;6014
21/03/2012;1910;1659;5343
22/03/2012;1896;1589;4963
23/03/2012;1859;1622;4737
24/03/2012;1669;1459;4526
25/03/2012;1911;1671;4942
26/03/2012;2265;1984;6273
27/03/2012;2178;1902;6240
28/03/2012;2256;1977;6245
29/03/2012;2225;1936;5815
30/03/2012;2137;1876;5579
31/03/2012;2298;2026;6183
01/04/2012;2660;2372;7127
02/04/2012;2530;2220;7253
03/04/2012;2406;2111;6776
04/04/2012;2337;2026;7240
05/04/2012;2340;2050;6522
06/04/2012;2316;2032;6601
07/04/2012;1954;1704;5328
08/04/2012;2128;1847;5662
09/04/2012;2826;2504;8108
10/04/2012;2829;2473;7939
11/04/2012;2693;2345;7772
12/04/2012;2599;2243;7641
13/04/2012;2493;2224;7346
14/04/2012;2396;2115;6611
15/04/2012;3122;2711;9103
16/04/2012;2829;2438;8924
17/04/2012;2927;2528;8782
18/04/2012;2893;2440;9000
19/04/2012;2696;2316;8089
20/04/2012;2546;2245;7572
21/04/2012;2521;2137;7721
22/04/2012;2458;2114;8056
23/04/2012;3062;2641;8840
24/04/2012;2790;2387;8088
25/04/2012;3478;2934;9529
26/04/2012;2677;2285;7523
27/04/2012;2595;2209;7412
28/04/2012;2448;2112;7198
29/04/2012;2758;2395;7855
30/04/2012;2506;2149;7104
01/05/2012;2439;2113;6494
02/05/2012;2233;1938;5788
03/05/2012;2115;1813;5292
04/05/2012;2234;1930;5769
05/05/2012;1970;1705;4882
06/05/2012;2159;1852;5323
07/05/2012;2314;1971;5833
08/05/2012;2263;1941;6445
09/05/2012;2515;2135;8033
10/05/2012;2281;1960;6262
11/05/2012;2195;1883;6669
12/05/2012;1815;1527;5111
13/05/2012;2076;1812;5334
14/05/2012;2535;2182;7345
15/05/2012;2535;2185;7041
16/05/2012;2485;2143;6817
17/05/2012;2250;1926;5913
18/05/2012;2603;2227;6857
19/05/2012;2324;1970;6011
20/05/2012;2496;2125;6764
21/05/2012;2736;2362;7989
22/05/2012;2619;2231;7162
23/05/2012;2536;2136;6800
24/05/2012;2322;2016;6029
25/05/2012;2405;2083;6252
26/05/2012;2209;1862;5004
27/05/2012;2136;1864;5008
28/05/2012;2385;2075;5877
29/05/2012;2420;2089;6612
30/05/2012;2352;2001;6775
31/05/2012;2270;1957;6345
01/06/2012;2128;1811;5621
02/06/2012;1962;1706;4896
03/06/2012;2417;2068;6400
04/06/2012;2847;2478;7806
05/06/2012;2541;2193;7410
06/06/2012;2435;2142;6860
07/06/2012;2626;2249;7667
08/06/2012;2542;2151;6741
09/06/2012;2028;1762;5493
10/06/2012;2615;2288;7160
11/06/2012;2787;2389;8410
12/06/2012;2655;2297;7140
13/06/2012;2639;2272;7222
14/06/2012;2484;2149;6970
15/06/2012;2418;2090;6475
16/06/2012;2184;1869;5713
17/06/2012;2439;2120;6119
18/06/2012;2831;2462;8037
19/06/2012;2767;2393;7975
20/06/2012;2694;2348;7478
21/06/2012;2873;2494;7784
22/06/2012;2523;2207;6755
23/06/2012;2034;1793;5232
24/06/2012;2865;2493;8148
25/06/2012;3061;2654;8502
26/06/2012;2926;2508;8111
27/06/2012;2921;2522;8139
28/06/2012;2935;2526;7421
29/06/2012;3067;2655;8282
30/06/2012;2825;2468;7401
01/07/2012;3580;3147;9770
02/07/2012;4266;3663;11618
03/07/2012;751;643;1834
04/07/2012;3005;2636;9585
05/07/2012;4337;3733;12367
06/07/2012;4499;3900;12709
07/07/2012;4597;3951;12045
08/07/2012;5054;4300;12939
09/07/2012;4244;3685;12056
10/07/2012;3622;3178;10609
11/07/2012;3762;3256;10621
12/07/2012;3883;3386;10745
13/07/2012;4374;3846;11630
14/07/2012;6429;5592;13959
15/07/2012;3468;3007;9644
16/07/2012;3228;2796;9290
17/07/2012;3099;2654;8815
18/07/2012;3101;2643;8671
19/07/2012;3000;2556;8669
20/07/2012;2737;2384;7676
21/07/2012;2283;1972;6134
22/07/2012;2715;2383;7711
23/07/2012;3664;3191;10370
24/07/2012;3049;2657;8398
25/07/2012;3138;2753;8451
26/07/2012;3154;2702;9002
27/07/2012;3061;2639;8300
28/07/2012;2365;2055;6690
29/07/2012;3107;2684;9493
30/07/2012;3309;2878;10002
31/07/2012;3277;2828;9404
01/08/2012;3344;2879;9496
02/08/2012;3320;2811;9993
03/08/2012;3165;2705;9091
04/08/2012;2706;2324;7447
05/08/2012;3192;2771;9874
06/08/2012;3436;2940;10187
07/08/2012;3145;2688;9335
08/08/2012;3203;2750;9438
09/08/2012;3145;2736;8813
10/08/2012;3034;2643;9165
11/08/2012;2348;2072;6156
12/08/2012;2841;2507;7913
13/08/2012;3538;3072;10430
14/08/2012;3274;2857;9626
15/08/2012;3515;3053;10231
16/08/2012;3215;2783;9319
17/08/2012;3105;2708;8848
18/08/2012;2602;2260;6479
19/08/2012;3613;2991;8761
20/08/2012;3129;2647;8632
21/08/2012;2999;2570;8256
22/08/2012;2642;2256;7572
23/08/2012;2594;2267;7536
24/08/2012;2663;2240;7320
25/08/2012;2215;1888;5714
26/08/2012;2260;1941;6068
27/08/2012;2878;2471;8021
28/08/2012;2692;2310;7676
29/08/2012;2803;2394;7908
30/08/2012;2617;2218;7699
31/08/2012;2365;2021;6574
01/09/2012;2086;1774;5673
02/09/2012;2143;1877;5799
03/09/2012;3048;2553;8928
04/09/2012;3039;2604;8206
05/09/2012;2701;2313;8188
06/09/2012;2459;2146;6515
07/09/2012;2281;1981;6314
08/09/2012;2011;1762;5021
09/09/2012;2277;1974;5452
10/09/2012;2561;2196;7059
11/09/2012;2543;2195;6996
12/09/2012;2426;2069;6824
13/09/2012;2257;1949;6031
14/09/2012;2247;1953;6064
15/09/2012;2038;1771;5162
16/09/2012;2086;1821;5042
17/09/2012;2440;2116;6292
18/09/2012;2266;1924;5832
19/09/2012;2205;1905;6136
20/09/2012;2032;1767;5361
21/09/2012;1850;1614;5033
22/09/2012;1491;1295;3916
23/09/2012;1854;1645;4686
24/09/2012;2413;2095;6223
25/09/2012;2084;1793;5615
26/09/2012;2167;1872;5868
27/09/2012;1942;1684;5425
28/09/2012;1812;1589;4477
29/09/2012;1528;1332;3740
30/09/2012;1698;1476;4358
01/10/2012;2095;1799;5450
02/10/2012;2133;1842;5484
03/10/2012;2176;1878;5463
04/10/2012;2016;1738;5036
05/10/2012;1972;1709;5002
06/10/2012;1804;1559;4560
07/10/2012;1820;1569;4826
08/10/2012;2309;1972;6076
09/10/2012;2200;1907;5909
10/10/2012;2164;1833;5516
11/10/2012;2081;1811;5291
12/10/2012;2078;1755;5216
13/10/2012;1703;1472;4010
14/10/2012;1949;1665;4918
15/10/2012;2226;1920;5585
16/10/2012;2349;1974;5918
17/10/2012;2618;2218;6248
18/10/2012;2134;1828;5681
19/10/2012;1948;1698;4814
20/10/2012;1838;1586;4545
21/10/2012;2030;1804;5332
22/10/2012;2462;2091;6842
23/10/2012;2251;1949;5770
24/10/2012;2348;2063;6246
25/10/2012;2211;1896;5780
26/10/2012;2169;1918;5865
27/10/2012;2052;1746;4821
28/10/2012;2370;2077;5603
29/10/2012;2658;2352;7187
30/10/2012;2427;2117;6266
31/10/2012;2202;1906;5868
01/11/2012;2385;2090;6132
02/11/2012;2080;1772;5531
03/11/2012;1646;1456;4257
04/11/2012;1941;1711;5311
05/11/2012;2181;1899;5127
06/11/2012;1922;1649;4858
07/11/2012;1876;1625;4689
08/11/2012;1848;1590;4407
09/11/2012;1708;1510;4264
10/11/2012;1575;1371;3686
11/11/2012;1686;1471;4193
12/11/2012;1857;1618;5226
13/11/2012;1710;1464;4571
14/11/2012;1744;1513;4307
15/11/2012;1597;1408;3966
16/11/2012;1562;1354;4146
17/11/2012;1311;1121;3131
18/11/2012;1606;1398;3847
19/11/2012;1811;1512;5145
20/11/2012;1775;1521;4542
21/11/2012;1653;1423;4057
22/11/2012;1700;1435;4298
23/11/2012;1552;1321;3868
24/11/2012;1361;1173;3256
25/11/2012;1559;1366;3576
26/11/2012;1839;1573;5038
27/11/2012;1733;1470;5660
28/11/2012;1680;1396;4515
29/11/2012;1667;1437;4320
30/11/2012;1480;1273;3770
01/12/2012;1333;1173;3159
02/12/2012;1673;1469;3944
03/12/2012;1846;1612;4509
04/12/2012;1794;1552;4552
05/12/2012;1853;1602;4850
06/12/2012;1528;1319;3875
07/12/2012;1626;1395;3839
08/12/2012;1275;1110;3008
09/12/2012;1410;1232;3585
10/12/2012;1691;1426;4442
11/12/2012;1619;1351;3915
12/12/2012;1625;1404;3876
13/12/2012;1736;1473;4096
14/12/2012;1645;1388;4205
15/12/2012;1447;1255;3293
16/12/2012;1477;1298;3552
17/12/2012;1654;1424;4356
18/12/2012;1617;1397;3976
19/12/2012;1496;1279;3768
20/12/2012;1434;1261;3432
21/12/2012;1417;1221;3612
22/12/2012;1301;1158;3016
23/12/2012;1407;1239;3381
24/12/2012;1070;933;2285
25/12/2012;1065;933;2522
26/12/2012;1917;1701;5011
27/12/2012;2144;1869;5702
28/12/2012;1845;1640;4963
29/12/2012;1639;1476;4355
30/12/2012;1768;1557;4219
31/12/2012;1339;1172;3146
01/01/2013;1390;1240;3334
02/01/2013;1861;1629;4981
03/01/2013;1945;1692;5297
04/01/2013;1808;1579;4601
05/01/2013;1584;1387;4067
06/01/2013;1732;1545;4454
07/01/2013;2002;1736;5262
08/01/2013;1931;1677;5243
09/01/2013;1710;1492;4416
10/01/2013;1765;1564;4429
11/01/2013;1751;1557;4849
12/01/2013;999;906;2424
13/01/2013;1913;1693;4877
14/01/2013;2164;1904;5537
15/01/2013;2073;1812;5792
16/01/2013;2120;1826;6208
17/01/2013;2824;2461;6369
18/01/2013;3857;3263;7535
19/01/2013;2042;1794;4519
20/01/2013;2191;1949;5207
21/01/2013;2315;2010;5923
22/01/2013;2089;1838;5640
23/01/2013;2049;1821;5202
24/01/2013;1903;1682;4838
25/01/2013;2380;2125;6089
26/01/2013;1840;1634;4560
27/01/2013;2121;1904;5478
28/01/2013;2307;2035;6027
29/01/2013;2353;2046;6417
30/01/2013;2325;2016;6247
31/01/2013;2226;1940;5881
01/02/2013;2117;1831;5270
02/02/2013;1905;1696;4790
03/02/2013;2094;1847;5291
04/02/2013;2344;2055;6270
05/02/2013;2289;2004;6026
06/02/2013;2350;2076;6281
07/02/2013;2185;1881;6090
08/02/2013;2063;1820;5934
09/02/2013;1757;1531;4943
10/02/2013;2318;2014;6288
11/02/2013;2400;2086;6348
12/02/2013;2215;1938;5966
13/02/2013;2269;1968;5894
14/02/2013;2038;1763;5231
15/02/2013;2204;1961;5627
16/02/2013;1971;1760;4919
17/02/2013;2404;2148;5914
18/02/2013;2536;2184;6876
19/02/2013;2307;2064;6723
20/02/2013;2290;2007;6335
21/02/2013;2231;1936;6066
22/02/2013;2105;1862;5477
23/02/2013;2228;1985;5789
24/02/2013;2511;2239;6967
25/02/2013;2574;2268;6918
26/02/2013;2331;2069;6334
27/02/2013;2312;2041;6680
28/02/2013;2315;2038;6036
01/03/2013;2216;1952;5598
02/03/2013;1900;1699;5108
03/03/2013;2368;2080;6334
04/03/2013;2697;2388;7337
05/03/2013;2514;2211;6684
06/03/2013;2509;2219;6513
07/03/2013;2508;2205;6675
08/03/2013;2192;1946;5577
09/03/2013;1871;1672;4505
10/03/2013;2542;2303;6464
11/03/2013;6978;5945;12787
12/03/2013;7314;6283;12398
13/03/2013;3103;2697;6949
14/03/2013;2494;2200;5990
15/03/2013;2259;1988;5764
16/03/2013;2064;1816;5023
17/03/2013;2416;2123;6200
18/03/2013;2575;2231;6911
19/03/2013;2438;2152;6220
20/03/2013;2444;2171;6091
21/03/2013;2258;2001;5982
22/03/2013;2223;1937;5702
23/03/2013;2081;1847;5167
24/03/2013;2375;2117;6446
25/03/2013;2589;2312;7361
26/03/2013;2473;2183;6498
27/03/2013;2497;2198;6697
28/03/2013;2487;2216;6457
29/03/2013;2524;2245;6803
30/03/2013;2151;1904;5425
31/03/2013;2087;1856;5158
01/04/2013;2437;2169;6262
02/04/2013;2480;2182;5922
03/04/2013;2468;2186;6676
04/04/2013;2401;2107;6311
05/04/2013;2385;2110;6010
06/04/2013;1987;1777;5027
07/04/2013;2301;2030;5924
08/04/2013;2566;2215;6945
09/04/2013;2654;2339;7046
10/04/2013;2448;2185;6095
11/04/2013;2459;2194;6145
12/04/2013;2511;2219;6772
13/04/2013;2287;2010;5651
14/04/2013;2580;2284;6287
15/04/2013;2804;2502;7397
16/04/2013;2839;2516;7222
17/04/2013;2529;2230;6422
18/04/2013;2916;2547;7685
19/04/2013;2785;2435;6964
20/04/2013;2239;1989;5659
21/04/2013;3152;2795;8173
22/04/2013;3243;2830;8428
23/04/2013;3443;3057;9206
24/04/2013;3067;2684;7639
25/04/2013;2937;2548;7241
26/04/2013;2975;2615;7363
27/04/2013;2616;2286;6454
28/04/2013;2980;2644;7790
29/04/2013;3313;2901;8650
30/04/2013;3499;3060;8903
01/05/2013;3430;3034;8890
02/05/2013;3265;2857;8460
03/05/2013;2958;2623;7380
04/05/2013;2570;2284;6451
05/05/2013;3141;2776;7823
06/05/2013;3396;3001;8894
07/05/2013;3586;3171;8985
08/05/2013;3516;3116;8507
09/05/2013;3381;2968;8110
10/05/2013;3123;2766;7444
11/05/2013;2593;2308;5991
12/05/2013;2638;2312;6433
13/05/2013;2954;2609;7809
14/05/2013;2827;2489;7161
15/05/2013;2839;2482;7382
16/05/2013;2760;2423;6833
17/05/2013;2709;2357;7033
18/05/2013;2475;2179;5907
19/05/2013;2957;2581;6952
20/05/2013;2919;2561;7596
21/05/2013;2698;2349;7264
22/05/2013;2726;2389;6885
23/05/2013;2572;2262;6753
24/05/2013;2567;2226;6471
25/05/2013;1879;1636;4804
26/05/2013;2072;1801;4970
27/05/2013;2570;2245;6608
28/05/2013;2647;2284;6549
29/05/2013;2593;2237;7039
30/05/2013;2617;2276;7078
31/05/2013;3042;2697;7209
01/06/2013;2310;2003;5613
02/06/2013;2539;2263;6514
03/06/2013;2878;2518;7528
04/06/2013;2609;2317;6274
05/06/2013;2680;2322;6871
06/06/2013;2669;2335;6814
07/06/2013;2662;2301;6608
08/06/2013;2439;2139;5600
09/06/2013;2922;2572;7119
10/06/2013;3063;2653;8088
11/06/2013;2830;2457;7281
12/06/2013;2803;2443;7259
13/06/2013;2734;2397;6892
14/06/2013;2526;2220;6288
15/06/2013;2410;2107;5692
16/06/2013;2616;2280;6417
17/06/2013;3113;2662;8083
18/06/2013;2851;2498;7436
19/06/2013;2888;2511;7230
20/06/2013;2838;2495;7102
21/06/2013;2891;2555;7490
22/06/2013;2555;2253;6413
23/06/2013;3252;2844;8045
24/06/2013;3168;2742;8394
25/06/2013;2906;2537;7416
26/06/2013;2655;2336;6770
27/06/2013;2411;2117;6681
28/06/2013;2721;2375;7179
29/06/2013;2356;2084;6252
30/06/2013;3454;2904;8558
01/07/2013;3492;3067;9548
02/07/2013;3536;3120;9323
03/07/2013;3602;3141;9631
04/07/2013;3353;2926;8710
05/07/2013;3176;2794;8136
06/07/2013;3311;2802;7870
07/07/2013;4117;3564;9528
08/07/2013;5221;4627;13286
09/07/2013;7259;6244;17797
10/07/2013;4275;3839;11103
11/07/2013;4293;3853;10553
12/07/2013;3957;3570;10173
13/07/2013;4304;3862;9956
14/07/2013;5320;4760;12366
15/07/2013;4242;3701;10813
16/07/2013;4219;3556;10194
17/07/2013;3636;3164;9088
18/07/2013;3516;3034;9221
19/07/2013;3217;2837;8040
20/07/2013;3038;2643;7357
21/07/2013;3487;3038;7883
22/07/2013;4374;3662;10898
23/07/2013;3828;3299;9518
24/07/2013;3521;3049;8712
25/07/2013;3483;3024;8797
26/07/2013;3421;2991;8601
27/07/2013;3133;2714;7366
28/07/2013;3878;3363;9645
29/07/2013;4019;3477;10551
30/07/2013;3902;3360;10021
31/07/2013;3749;3244;10038
01/08/2013;3898;3405;9865
02/08/2013;3538;3056;8981
03/08/2013;3066;2718;7603
04/08/2013;3615;3174;9384
05/08/2013;4093;3584;10340
06/08/2013;3740;3265;10195
07/08/2013;4012;3482;11327
08/08/2013;3495;3057;8782
09/08/2013;3471;3033;9581
10/08/2013;2917;2594;7114
11/08/2013;3615;3189;9220
12/08/2013;4020;3539;10643
13/08/2013;3892;3400;10255
14/08/2013;3952;3506;10812
15/08/2013;3751;3330;9183
16/08/2013;3328;2933;8375
17/08/2013;2916;2550;6854
18/08/2013;3487;3042;8679
19/08/2013;3388;2956;8739
20/08/2013;3150;2770;8173
21/08/2013;3078;2713;7847
22/08/2013;2868;2487;6960
23/08/2013;2841;2449;6785
24/08/2013;2589;2207;6185
25/08/2013;2772;2410;7109
26/08/2013;2927;2575;8069
27/08/2013;2869;2458;7847
28/08/2013;2725;2375;7393
29/08/2013;2539;2207;6627
30/08/2013;2517;2196;6624
31/08/2013;2133;1865;5299
01/09/2013;2191;1935;5601
02/09/2013;2909;2511;7753
03/09/2013;2599;2250;7475
04/09/2013;2642;2293;6900
05/09/2013;2771;2390;7497
06/09/2013;2552;2216;7034
07/09/2013;2259;1984;5815
08/09/2013;2238;1977;6094
09/09/2013;2745;2377;7636
10/09/2013;2502;2189;6624
11/09/2013;2510;2208;6835
12/09/2013;2209;1982;5755
13/09/2013;2380;2127;6178
14/09/2013;2356;2080;5818
15/09/2013;2349;2051;6097
16/09/2013;2668;2376;7151
17/09/2013;2412;2114;6494
18/09/2013;2439;2142;6494
19/09/2013;2114;1889;5316
20/09/2013;2077;1870;5552
21/09/2013;1754;1575;4188
22/09/2013;2251;1995;5118
23/09/2013;2308;2020;6218
24/09/2013;2135;1893;5643
25/09/2013;2181;1929;5612
26/09/2013;2018;1806;4946
27/09/2013;1975;1772;5055
28/09/2013;1742;1569;4122
29/09/2013;2000;1792;5000
30/09/2013;2130;1915;5561
01/10/2013;2243;2030;6272
02/10/2013;2219;2005;5818
03/10/2013;2136;1928;5352
04/10/2013;1978;1772;4901
05/10/2013;1741;1559;4394
06/10/2013;1864;1677;4390
07/10/2013;2234;1996;6126
08/10/2013;2133;1891;5709
09/10/2013;2179;1942;5514
10/10/2013;2211;1961;5850
11/10/2013;2919;2679;6862
12/10/2013;2088;1908;5159
13/10/2013;2218;2002;5663
14/10/2013;2402;2132;6521
15/10/2013;2207;1981;6208
16/10/2013;2223;1962;5783
17/10/2013;2135;1931;5517
18/10/2013;2164;1961;5479
19/10/2013;2067;1848;5123
20/10/2013;2408;2171;6049
21/10/2013;2702;2409;7370
22/10/2013;2635;2360;7248
23/10/2013;2467;2193;6464
24/10/2013;2299;2081;6038
25/10/2013;2332;2108;6084
26/10/2013;2063;1868;5106
27/10/2013;3319;2923;7609
28/10/2013;3388;2984;8083
29/10/2013;2563;2305;6695
30/10/2013;2291;2041;5887
31/10/2013;2226;1986;5850
01/11/2013;2260;2033;5642
02/11/2013;1954;1728;4839
03/11/2013;2128;1926;5260
04/11/2013;2083;1852;5030
05/11/2013;2288;2055;5599
06/11/2013;2124;1909;5528
07/11/2013;2072;1878;4933
08/11/2013;2052;1876;5325
09/11/2013;1867;1705;4531
10/11/2013;1973;1798;4629
11/11/2013;1956;1740;4867
12/11/2013;1933;1732;5144
13/11/2013;1758;1572;4393
14/11/2013;1915;1718;5082
15/11/2013;1769;1584;4199
16/11/2013;1417;1278;3329
17/11/2013;1650;1481;3960
18/11/2013;1877;1687;4583
19/11/2013;1765;1572;4848
20/11/2013;1816;1626;4725
21/11/2013;1809;1613;4609
22/11/2013;1609;1465;4188
23/11/2013;1385;1253;3322
24/11/2013;1564;1454;3734
25/11/2013;1843;1654;4950
26/11/2013;1674;1516;4235
27/11/2013;1678;1523;4448
28/11/2013;1785;1631;4313
29/11/2013;1608;1444;3969
30/11/2013;1404;1275;3494
01/12/2013;1649;1516;4601
02/12/2013;1821;1613;4565
03/12/2013;1822;1644;4875
04/12/2013;1831;1628;4826
05/12/2013;1670;1506;4284
06/12/2013;1690;1505;4434
07/12/2013;1454;1298;3539
08/12/2013;1563;1428;3927
09/12/2013;1882;1694;4757
10/12/2013;1638;1496;4175
11/12/2013;1587;1447;4089
12/12/2013;1535;1367;4093
13/12/2013;1478;1333;3993
14/12/2013;1281;1160;3460
15/12/2013;1565;1434;3944
16/12/2013;1667;1474;4675
17/12/2013;1712;1544;4630
18/12/2013;1636;1470;4182
19/12/2013;1478;1332;3898
20/12/2013;1468;1307;4337
21/12/2013;1558;1400;3823
22/12/2013;1735;1563;4527
23/12/2013;2937;2577;6001
24/12/2013;1820;1597;4010
25/12/2013;1224;1119;3015
26/12/2013;1930;1733;5245
27/12/2013;2135;1929;5751
28/12/2013;1822;1634;4566
29/12/2013;2020;1836;5804
30/12/2013;2091;1872;5392
31/12/2013;1520;1342;3833
01/01/2014;2169;1862;4993
02/01/2014;2191;1959;5579
03/01/2014;2598;2284;6051
04/01/2014;2200;1918;5660
05/01/2014;2233;1973;5628
06/01/2014;2591;2288;6439
07/01/2014;2293;2022;6299
08/01/2014;1853;1685;4818
09/01/2014;1897;1675;5356
10/01/2014;1807;1629;4855
11/01/2014;1508;1335;3587
12/01/2014;1872;1677;4734
13/01/2014;2052;1849;5504
14/01/2014;2059;1827;5468
15/01/2014;1991;1805;5361
16/01/2014;2014;1807;5408
17/01/2014;1888;1698;4777
18/01/2014;1739;1562;4386
19/01/2014;1944;1766;4937
20/01/2014;2246;1971;6207
21/01/2014;2041;1831;5662
22/01/2014;2115;1898;5760
23/01/2014;2033;1837;5648
24/01/2014;2013;1804;5472
25/01/2014;1734;1574;4309
26/01/2014;2106;1879;5856
27/01/2014;2221;1982;6260
28/01/2014;2203;1959;5654
29/01/2014;2652;2412;6928
30/01/2014;2322;2086;6393
31/01/2014;3199;2820;7317
01/02/2014;3612;3105;7384
02/02/2014;3643;3177;7957
03/02/2014;2782;2453;8008
04/02/2014;2768;2449;7378
05/02/2014;3012;2626;7048
06/02/2014;2976;2612;7501
07/02/2014;2483;2235;5866
08/02/2014;2402;2111;5335
09/02/2014;2571;2311;6275
10/02/2014;2456;2195;6674
11/02/2014;2341;2071;6077
12/02/2014;2320;2084;5890
13/02/2014;2122;1901;5559
14/02/2014;2826;2506;6822
15/02/2014;2405;2147;5588
16/02/2014;2399;2174;5785
17/02/2014;2459;2207;6605
18/02/2014;2343;2094;6227
19/02/2014;2271;2037;6242
20/02/2014;2203;1978;5994
21/02/2014;2356;2098;6382
22/02/2014;1958;1781;5111
23/02/2014;2375;2142;5869
24/02/2014;2542;2249;7083
25/02/2014;2525;2264;7480
26/02/2014;2540;2272;7062
27/02/2014;2534;2276;6389
28/02/2014;3481;2977;7710
01/03/2014;2372;2098;5350
02/03/2014;3437;2974;7354
03/03/2014;4228;3606;9381
04/03/2014;2836;2503;6658
05/03/2014;2383;2115;6000
06/03/2014;2316;2088;5983
07/03/2014;2420;2162;6139
08/03/2014;1917;1728;4553
09/03/2014;2179;1944;5169
10/03/2014;2544;2257;6462
11/03/2014;2543;2282;6521
12/03/2014;2495;2233;6339
13/03/2014;2634;2312;6718
14/03/2014;2472;2190;6218
15/03/2014;2047;1808;4680
16/03/2014;2548;2252;5694
17/03/2014;2475;2226;6290
18/03/2014;2331;2081;6232
19/03/2014;2240;2007;5632
20/03/2014;2139;1938;5400
21/03/2014;2228;1983;5768
22/03/2014;2091;1865;5052
23/03/2014;2847;2557;6478
24/03/2014;2538;2285;6593
25/03/2014;2374;2157;6266
26/03/2014;2362;2134;6052
27/03/2014;2270;2062;5653
28/03/2014;2314;2083;5755
29/03/2014;1904;1730;4697
30/03/2014;2604;2321;6292
31/03/2014;2925;2643;7642
01/04/2014;2573;2315;6725
02/04/2014;2562;2311;7017
03/04/2014;2652;2392;7554
04/04/2014;2693;2416;7628
05/04/2014;2458;2214;6572
06/04/2014;2602;2365;6956
07/04/2014;3139;2790;10215
08/04/2014;2759;2462;8387
09/04/2014;2643;2359;8513
10/04/2014;2560;2281;8042
11/04/2014;2564;2318;7357
12/04/2014;2224;2024;6187
13/04/2014;2864;2567;7604
14/04/2014;3193;2892;9367
15/04/2014;2924;2624;8069
16/04/2014;2869;2580;7677
17/04/2014;2856;2564;7976
18/04/2014;1872;1704;4576
19/04/2014;2459;2233;6441
20/04/2014;2828;2552;7457
21/04/2014;2998;2775;8123
22/04/2014;3175;2899;8969
23/04/2014;3090;2793;8538
24/04/2014;2857;2604;7990
25/04/2014;2779;2528;7570
26/04/2014;2649;2376;6672
27/04/2014;3431;3064;9173
28/04/2014;3397;3050;9275
29/04/2014;3217;2920;8396
30/04/2014;2920;2642;7769
01/05/2014;3435;3099;9027
02/05/2014;3074;2760;8201
03/05/2014;2380;2173;5709
04/05/2014;2558;2287;6529
05/05/2014;2914;2621;7636
06/05/2014;3069;2743;8233
07/05/2014;2874;2585;7704
08/05/2014;2968;2663;7464
09/05/2014;2677;2413;6514
10/05/2014;2556;2283;6037
11/05/2014;2653;2386;6839
12/05/2014;2792;2494;7703
13/05/2014;2570;2311;7476
14/05/2014;2473;2231;6947
15/05/2014;2256;2044;5898
16/05/2014;2326;2087;6091
17/05/2014;2153;1923;5157
18/05/2014;2248;2028;5382
19/05/2014;2877;2571;7551
20/05/2014;2879;2629;7512
21/05/2014;2797;2512;7323
22/05/2014;2749;2493;6884
23/05/2014;2726;2453;7320
24/05/2014;2497;2249;5936
25/05/2014;2518;2255;5992
26/05/2014;3032;2726;7949
27/05/2014;2969;2671;8165
28/05/2014;3104;2827;8108
29/05/2014;3051;2766;7584
30/05/2014;2816;2509;6689
31/05/2014;2732;2422;6202
01/06/2014;2791;2491;6577
02/06/2014;2965;2664;7899
03/06/2014;2913;2639;7833
04/06/2014;3016;2716;7792
05/06/2014;2858;2562;7206
06/06/2014;2715;2473;6542
07/06/2014;2616;2372;5606
08/06/2014;2881;2577;6009
09/06/2014;3116;2787;7381
10/06/2014;2873;2577;7419
11/06/2014;2720;2437;7143
12/06/2014;2559;2301;6499
13/06/2014;2450;2228;5920
14/06/2014;2300;2029;5402
15/06/2014;2649;2373;6451
16/06/2014;3013;2714;8280
17/06/2014;2932;2633;7658
18/06/2014;2840;2560;7272
19/06/2014;3116;2839;7574
20/06/2014;3159;2895;7521
21/06/2014;3639;3294;7084
22/06/2014;3016;2732;6985
23/06/2014;3117;2786;8395
24/06/2014;2924;2644;7642
25/06/2014;2843;2530;7474
26/06/2014;2916;2624;7246
27/06/2014;2864;2594;7067
28/06/2014;2512;2250;6123
29/06/2014;3126;2798;8086
30/06/2014;3252;2935;8760
01/07/2014;3265;2941;8412
02/07/2014;3234;2925;8086
03/07/2014;3212;2907;8100
04/07/2014;3043;2725;7523
05/07/2014;3239;2911;8103
06/07/2014;4642;4190;12153
07/07/2014;4806;4385;12735
08/07/2014;4678;4217;12836
09/07/2014;4798;4369;12937
10/07/2014;4639;4205;12323
11/07/2014;5060;4660;12660
12/07/2014;5380;4923;12934
13/07/2014;7785;7067;18179
14/07/2014;8765;7964;19803
15/07/2014;4033;3624;9760
16/07/2014;3487;3154;9206
17/07/2014;3471;3142;9042
18/07/2014;3383;3038;8576
19/07/2014;2991;2700;7189
20/07/2014;3768;3380;9683
21/07/2014;3862;3482;10450
22/07/2014;3631;3272;9410
23/07/2014;3605;3241;9335
24/07/2014;3579;3217;8995
25/07/2014;3464;3106;8772
26/07/2014;2991;2707;7502
27/07/2014;3863;3446;9958
28/07/2014;4208;3788;12008
29/07/2014;3885;3538;10874
30/07/2014;3511;3192;8696
31/07/2014;3369;3040;8764
01/08/2014;3178;2874;7741
02/08/2014;3065;2743;7424
03/08/2014;3480;3152;8298
04/08/2014;3915;3527;9469
05/08/2014;3817;3447;9297
06/08/2014;4023;3610;10099
07/08/2014;3727;3313;8970
08/08/2014;3855;3404;9123
09/08/2014;3181;2841;7520
10/08/2014;4395;3893;9799
11/08/2014;4679;4176;10504
12/08/2014;4236;3791;9930
13/08/2014;4011;3559;9407
14/08/2014;4389;3936;10494
15/08/2014;4038;3636;9386
16/08/2014;2885;2608;6780
17/08/2014;3452;3095;8129
18/08/2014;3417;3021;8317
19/08/2014;3560;3141;8827
20/08/2014;3008;2688;7385
21/08/2014;2868;2545;6926
22/08/2014;2964;2666;7326
23/08/2014;2382;2121;5793
24/08/2014;2565;2267;6110
25/08/2014;3539;3082;9132
26/08/2014;3229;2786;8433
27/08/2014;3033;2698;7956
28/08/2014;2879;2560;7671
29/08/2014;2787;2476;6965
30/08/2014;2379;2111;5987
31/08/2014;2704;2407;6733
01/09/2014;3179;2823;8154
02/09/2014;3024;2672;8419
03/09/2014;2862;2557;7609
04/09/2014;2735;2440;6881
05/09/2014;2816;2503;6969
06/09/2014;2659;2375;6164
07/09/2014;2819;2527;6276
08/09/2014;3082;2757;7769
09/09/2014;2785;2475;7069
10/09/2014;2763;2451;7154
11/09/2014;2617;2323;6345
12/09/2014;2361;2088;5781
13/09/2014;2172;1918;5014
14/09/2014;2440;2184;5471
15/09/2014;2665;2401;6798
16/09/2014;2713;2394;7153
17/09/2014;2790;2476;6722
18/09/2014;2742;2475;6862
19/09/2014;2820;2546;6807
20/09/2014;2664;2375;6204
21/09/2014;2912;2611;6922
22/09/2014;2695;2428;7323
23/09/2014;2566;2356;6702
24/09/2014;2683;2436;6435
25/09/2014;2550;2269;6148
26/09/2014;2565;2324;5911
27/09/2014;2000;1802;4013
28/09/2014;2463;2200;5438
29/09/2014;2802;2544;6583
30/09/2014;2573;2285;5650
01/10/2014;2886;2566;7067
02/10/2014;2748;2463;6197
03/10/2014;2668;2372;5797
04/10/2014;2322;2048;4974
05/10/2014;2647;2376;5816
06/10/2014;3158;2856;7322
07/10/2014;2992;2676;6782
08/10/2014;3137;2807;7166
09/10/2014;3015;2713;6532
10/10/2014;2834;2556;6004
11/10/2014;2629;2399;5637
12/10/2014;3208;2888;6970
13/10/2014;3215;2873;7551
14/10/2014;2905;2633;6645
15/10/2014;3203;2891;7467
16/10/2014;3150;2888;7464
17/10/2014;3032;2748;7061
18/10/2014;2760;2512;5770
19/10/2014;3506;3147;7793
20/10/2014;3814;3414;8947
21/10/2014;3789;3423;8620
22/10/2014;3551;3213;8245
23/10/2014;4018;3640;9203
24/10/2014;4230;3825;9706
25/10/2014;3882;3509;8662
26/10/2014;4943;4464;10957
27/10/2014;4302;3909;9909
28/10/2014;4234;3810;9652
29/10/2014;4185;3758;9628
30/10/2014;4180;3789;9489
31/10/2014;4193;3829;9221
01/11/2014;4883;4429;9582
02/11/2014;6006;5518;11245
03/11/2014;3866;3533;8285
04/11/2014;3036;2742;7229
05/11/2014;2779;2488;6438
06/11/2014;2653;2391;6153
07/11/2014;2594;2348;5879
08/11/2014;2429;2188;5247
09/11/2014;2847;2606;6608
10/11/2014;3012;2702;6759
11/11/2014;2510;2251;5877
12/11/2014;2292;1999;5489
13/11/2014;2210;1984;5693
14/11/2014;2127;1907;5081
15/11/2014;1783;1612;3960
16/11/2014;2016;1820;4610
17/11/2014;2313;2095;5595
18/11/2014;2174;1959;5482
19/11/2014;2137;1924;5273
20/11/2014;2006;1822;5262
21/11/2014;1900;1744;4262
22/11/2014;1684;1526;3691
23/11/2014;2036;1860;4441
24/11/2014;2229;2028;5267
25/11/2014;2152;1958;5207
26/11/2014;2118;1903;4989
27/11/2014;2002;1798;4610
28/11/2014;1887;1725;4662
29/11/2014;1665;1507;4078
30/11/2014;2066;1891;4743
01/12/2014;2081;1879;4865
02/12/2014;1952;1779;4798
03/12/2014;1960;1761;4541
04/12/2014;1910;1713;4568
05/12/2014;1970;1771;4411
06/12/2014;1703;1562;3734
07/12/2014;2074;1884;4503
08/12/2014;2179;1957;5263
09/12/2014;1941;1780;4688
10/12/2014;1931;1702;4775
11/12/2014;1951;1737;5081
12/12/2014;2250;2016;5320
13/12/2014;1918;1713;4593
14/12/2014;2061;1853;4964
15/12/2014;2161;1959;5588
16/12/2014;2055;1860;5170
17/12/2014;2073;1863;5218
18/12/2014;1873;1685;4578
19/12/2014;1976;1790;4663
20/12/2014;1915;1722;4488
21/12/2014;2358;2091;5592
22/12/2014;2576;2307;6421
23/12/2014;2223;1972;5370
24/12/2014;1478;1330;3237
25/12/2014;1578;1434;3783
26/12/2014;2656;2379;6357
27/12/2014;2797;2539;6159
28/12/2014;2939;2663;7186
29/12/2014;2658;2380;6518
30/12/2014;2529;2297;6051
31/12/2014;1874;1713;4147
